title,abstract,journal,authors,source_x,publish_time
COVID-19 Research Paper 1,"This paper discusses the effects of COVID-19 on society, healthcare, and global policies. Analysis 1.",Science,Brown et al.,arXiv,2021-11-13
COVID-19 Research Paper 2,"This paper discusses the effects of COVID-19 on society, healthcare, and global policies. Analysis 2.",PLOS ONE,Johnson et al.,PubMed,2020-02-18
COVID-19 Research Paper 3,"This paper discusses the effects of COVID-19 on society, healthcare, and global policies. Analysis 3.",JAMA,Lee et al.,WHO,2020-02-10
COVID-19 Research Paper 4,"This paper discusses the effects of COVID-19 on society, healthcare, and global policies. Analysis 4.",Nature,Johnson et al.,bioRxiv,2020-09-08
COVID-19 Research Paper 5,"This paper discusses the effects of COVID-19 on society, healthcare, and global policies. Analysis 5.",Science,Garcia et al.,bioRxiv,2020-10-11
COVID-19 Research Paper 6,"This paper discusses the effects of COVID-19 on society, healthcare, and global policies. Analysis 6.",BMJ,Brown et al.,arXiv,2022-03-09
COVID-19 Research Paper 7,"This paper discusses the effects of COVID-19 on society, healthcare, and global policies. Analysis 7.",PLOS ONE,Brown et al.,Elsevier,2023-03-15
COVID-19 Research Paper 8,"This paper discusses the effects of COVID-19 on society, healthcare, and global policies. Analysis 8.",Nature,Brown et al.,arXiv,2022-01-31
COVID-19 Research Paper 9,"This paper discusses the effects of COVID-19 on society, healthcare, and global policies. Analysis 9.",Cell,Lee et al.,WHO,2020-01-25
COVID-19 Research Paper 10,"This paper discusses the effects of COVID-19 on society, healthcare, and global policies. Analysis 10.",PLOS ONE,Smith et al.,PubMed,2022-01-20
COVID-19 Research Paper 11,"This paper discusses the effects of COVID-19 on society, healthcare, and global policies. Analysis 11.",Science,Lee et al.,arXiv,2022-05-04
COVID-19 Research Paper 12,"This paper discusses the effects of COVID-19 on society, healthcare, and global policies. Analysis 12.",PLOS ONE,Johnson et al.,PubMed,2023-11-20
COVID-19 Research Paper 13,"This paper discusses the effects of COVID-19 on society, healthcare, and global policies. Analysis 13.",BMJ,Smith et al.,bioRxiv,2020-08-20
COVID-19 Research Paper 14,"This paper discusses the effects of COVID-19 on society, healthcare, and global policies. Analysis 14.",The Lancet,Garcia et al.,PubMed,2023-11-19
COVID-19 Research Paper 15,"This paper discusses the effects of COVID-19 on society, healthcare, and global policies. Analysis 15.",Science,Garcia et al.,Elsevier,2021-12-24
COVID-19 Research Paper 16,"This paper discusses the effects of COVID-19 on society, healthcare, and global policies. Analysis 16.",Nature,Smith et al.,WHO,2021-06-21
COVID-19 Research Paper 17,"This paper discusses the effects of COVID-19 on society, healthcare, and global policies. Analysis 17.",Cell,Lee et al.,Elsevier,2020-02-05
COVID-19 Research Paper 18,"This paper discusses the effects of COVID-19 on society, healthcare, and global policies. Analysis 18.",BMJ,Smith et al.,WHO,2021-11-21
COVID-19 Research Paper 19,"This paper discusses the effects of COVID-19 on society, healthcare, and global policies. Analysis 19.",PLOS ONE,Brown et al.,bioRxiv,2022-01-23
COVID-19 Research Paper 20,"This paper discusses the effects of COVID-19 on society, healthcare, and global policies. Analysis 20.",The Lancet,Smith et al.,arXiv,2023-09-05
COVID-19 Research Paper 21,"This paper discusses the effects of COVID-19 on society, healthcare, and global policies. Analysis 21.",The Lancet,Lee et al.,PubMed,2022-03-16
COVID-19 Research Paper 22,"This paper discusses the effects of COVID-19 on society, healthcare, and global policies. Analysis 22.",JAMA,Wang et al.,WHO,2023-03-06
COVID-19 Research Paper 23,"This paper discusses the effects of COVID-19 on society, healthcare, and global policies. Analysis 23.",PLOS ONE,Johnson et al.,PubMed,2021-06-06
COVID-19 Research Paper 24,"This paper discusses the effects of COVID-19 on society, healthcare, and global policies. Analysis 24.",BMJ,Lee et al.,bioRxiv,2020-03-23
COVID-19 Research Paper 25,"This paper discusses the effects of COVID-19 on society, healthcare, and global policies. Analysis 25.",PLOS ONE,Smith et al.,Elsevier,2022-05-14
COVID-19 Research Paper 26,"This paper discusses the effects of COVID-19 on society, healthcare, and global policies. Analysis 26.",The Lancet,Johnson et al.,Elsevier,2020-09-30
COVID-19 Research Paper 27,"This paper discusses the effects of COVID-19 on society, healthcare, and global policies. Analysis 27.",BMJ,Brown et al.,bioRxiv,2022-07-17
COVID-19 Research Paper 28,"This paper discusses the effects of COVID-19 on society, healthcare, and global policies. Analysis 28.",Nature,Garcia et al.,WHO,2023-03-13
COVID-19 Research Paper 29,"This paper discusses the effects of COVID-19 on society, healthcare, and global policies. Analysis 29.",JAMA,Wang et al.,bioRxiv,2020-08-06
COVID-19 Research Paper 30,"This paper discusses the effects of COVID-19 on society, healthcare, and global policies. Analysis 30.",JAMA,Lee et al.,WHO,2022-10-11
COVID-19 Research Paper 31,"This paper discusses the effects of COVID-19 on society, healthcare, and global policies. Analysis 31.",JAMA,Smith et al.,arXiv,2021-09-30
COVID-19 Research Paper 32,"This paper discusses the effects of COVID-19 on society, healthcare, and global policies. Analysis 32.",PLOS ONE,Garcia et al.,bioRxiv,2023-07-02
COVID-19 Research Paper 33,"This paper discusses the effects of COVID-19 on society, healthcare, and global policies. Analysis 33.",Science,Wang et al.,Elsevier,2023-06-30
COVID-19 Research Paper 34,"This paper discusses the effects of COVID-19 on society, healthcare, and global policies. Analysis 34.",Science,Johnson et al.,bioRxiv,2020-06-10
COVID-19 Research Paper 35,"This paper discusses the effects of COVID-19 on society, healthcare, and global policies. Analysis 35.",PLOS ONE,Lee et al.,arXiv,2021-04-04
COVID-19 Research Paper 36,"This paper discusses the effects of COVID-19 on society, healthcare, and global policies. Analysis 36.",PLOS ONE,Lee et al.,arXiv,2023-06-12
COVID-19 Research Paper 37,"This paper discusses the effects of COVID-19 on society, healthcare, and global policies. Analysis 37.",JAMA,Garcia et al.,WHO,2020-12-10
COVID-19 Research Paper 38,"This paper discusses the effects of COVID-19 on society, healthcare, and global policies. Analysis 38.",The Lancet,Lee et al.,WHO,2020-02-27
COVID-19 Research Paper 39,"This paper discusses the effects of COVID-19 on society, healthcare, and global policies. Analysis 39.",Science,Johnson et al.,arXiv,2022-02-18
COVID-19 Research Paper 40,"This paper discusses the effects of COVID-19 on society, healthcare, and global policies. Analysis 40.",BMJ,Johnson et al.,Elsevier,2023-04-07
COVID-19 Research Paper 41,"This paper discusses the effects of COVID-19 on society, healthcare, and global policies. Analysis 41.",Science,Garcia et al.,WHO,2020-03-20
COVID-19 Research Paper 42,"This paper discusses the effects of COVID-19 on society, healthcare, and global policies. Analysis 42.",JAMA,Garcia et al.,bioRxiv,2020-02-04
COVID-19 Research Paper 43,"This paper discusses the effects of COVID-19 on society, healthcare, and global policies. Analysis 43.",BMJ,Wang et al.,Elsevier,2022-06-28
COVID-19 Research Paper 44,"This paper discusses the effects of COVID-19 on society, healthcare, and global policies. Analysis 44.",Nature,Wang et al.,WHO,2021-03-10
COVID-19 Research Paper 45,"This paper discusses the effects of COVID-19 on society, healthcare, and global policies. Analysis 45.",JAMA,Brown et al.,Elsevier,2023-08-06
COVID-19 Research Paper 46,"This paper discusses the effects of COVID-19 on society, healthcare, and global policies. Analysis 46.",Science,Wang et al.,WHO,2020-09-19
COVID-19 Research Paper 47,"This paper discusses the effects of COVID-19 on society, healthcare, and global policies. Analysis 47.",BMJ,Lee et al.,Elsevier,2021-06-26
COVID-19 Research Paper 48,"This paper discusses the effects of COVID-19 on society, healthcare, and global policies. Analysis 48.",BMJ,Wang et al.,WHO,2020-01-26
COVID-19 Research Paper 49,"This paper discusses the effects of COVID-19 on society, healthcare, and global policies. Analysis 49.",Cell,Brown et al.,arXiv,2022-02-09
COVID-19 Research Paper 50,"This paper discusses the effects of COVID-19 on society, healthcare, and global policies. Analysis 50.",Cell,Smith et al.,Elsevier,2020-03-28
COVID-19 Research Paper 51,"This paper discusses the effects of COVID-19 on society, healthcare, and global policies. Analysis 51.",The Lancet,Johnson et al.,Elsevier,2020-07-28
COVID-19 Research Paper 52,"This paper discusses the effects of COVID-19 on society, healthcare, and global policies. Analysis 52.",PLOS ONE,Brown et al.,Elsevier,2022-04-25
COVID-19 Research Paper 53,"This paper discusses the effects of COVID-19 on society, healthcare, and global policies. Analysis 53.",Science,Smith et al.,bioRxiv,2020-04-14
COVID-19 Research Paper 54,"This paper discusses the effects of COVID-19 on society, healthcare, and global policies. Analysis 54.",BMJ,Johnson et al.,arXiv,2023-05-31
COVID-19 Research Paper 55,"This paper discusses the effects of COVID-19 on society, healthcare, and global policies. Analysis 55.",BMJ,Smith et al.,PubMed,2022-10-06
COVID-19 Research Paper 56,"This paper discusses the effects of COVID-19 on society, healthcare, and global policies. Analysis 56.",The Lancet,Brown et al.,bioRxiv,2021-06-11
COVID-19 Research Paper 57,"This paper discusses the effects of COVID-19 on society, healthcare, and global policies. Analysis 57.",PLOS ONE,Smith et al.,PubMed,2023-11-22
COVID-19 Research Paper 58,"This paper discusses the effects of COVID-19 on society, healthcare, and global policies. Analysis 58.",Nature,Garcia et al.,PubMed,2021-12-22
COVID-19 Research Paper 59,"This paper discusses the effects of COVID-19 on society, healthcare, and global policies. Analysis 59.",Science,Lee et al.,Elsevier,2020-09-02
COVID-19 Research Paper 60,"This paper discusses the effects of COVID-19 on society, healthcare, and global policies. Analysis 60.",Science,Lee et al.,bioRxiv,2023-03-16
COVID-19 Research Paper 61,"This paper discusses the effects of COVID-19 on society, healthcare, and global policies. Analysis 61.",Science,Lee et al.,PubMed,2022-07-10
COVID-19 Research Paper 62,"This paper discusses the effects of COVID-19 on society, healthcare, and global policies. Analysis 62.",The Lancet,Smith et al.,WHO,2021-07-02
COVID-19 Research Paper 63,"This paper discusses the effects of COVID-19 on society, healthcare, and global policies. Analysis 63.",Cell,Smith et al.,bioRxiv,2022-09-07
COVID-19 Research Paper 64,"This paper discusses the effects of COVID-19 on society, healthcare, and global policies. Analysis 64.",Cell,Lee et al.,Elsevier,2023-01-17
COVID-19 Research Paper 65,"This paper discusses the effects of COVID-19 on society, healthcare, and global policies. Analysis 65.",JAMA,Lee et al.,WHO,2021-10-18
COVID-19 Research Paper 66,"This paper discusses the effects of COVID-19 on society, healthcare, and global policies. Analysis 66.",BMJ,Lee et al.,Elsevier,2020-10-14
COVID-19 Research Paper 67,"This paper discusses the effects of COVID-19 on society, healthcare, and global policies. Analysis 67.",Science,Johnson et al.,Elsevier,2021-04-07
COVID-19 Research Paper 68,"This paper discusses the effects of COVID-19 on society, healthcare, and global policies. Analysis 68.",BMJ,Wang et al.,arXiv,2022-10-30
COVID-19 Research Paper 69,"This paper discusses the effects of COVID-19 on society, healthcare, and global policies. Analysis 69.",Cell,Brown et al.,PubMed,2021-05-06
COVID-19 Research Paper 70,"This paper discusses the effects of COVID-19 on society, healthcare, and global policies. Analysis 70.",JAMA,Brown et al.,PubMed,2020-05-23
COVID-19 Research Paper 71,"This paper discusses the effects of COVID-19 on society, healthcare, and global policies. Analysis 71.",Cell,Garcia et al.,Elsevier,2023-07-01
COVID-19 Research Paper 72,"This paper discusses the effects of COVID-19 on society, healthcare, and global policies. Analysis 72.",The Lancet,Lee et al.,Elsevier,2022-08-16
COVID-19 Research Paper 73,"This paper discusses the effects of COVID-19 on society, healthcare, and global policies. Analysis 73.",Cell,Lee et al.,WHO,2021-02-10
COVID-19 Research Paper 74,"This paper discusses the effects of COVID-19 on society, healthcare, and global policies. Analysis 74.",The Lancet,Garcia et al.,PubMed,2023-12-11
COVID-19 Research Paper 75,"This paper discusses the effects of COVID-19 on society, healthcare, and global policies. Analysis 75.",Nature,Wang et al.,WHO,2021-06-18
COVID-19 Research Paper 76,"This paper discusses the effects of COVID-19 on society, healthcare, and global policies. Analysis 76.",PLOS ONE,Garcia et al.,bioRxiv,2021-02-17
COVID-19 Research Paper 77,"This paper discusses the effects of COVID-19 on society, healthcare, and global policies. Analysis 77.",Cell,Garcia et al.,WHO,2020-11-16
COVID-19 Research Paper 78,"This paper discusses the effects of COVID-19 on society, healthcare, and global policies. Analysis 78.",BMJ,Brown et al.,WHO,2022-03-27
COVID-19 Research Paper 79,"This paper discusses the effects of COVID-19 on society, healthcare, and global policies. Analysis 79.",JAMA,Lee et al.,arXiv,2022-09-12
COVID-19 Research Paper 80,"This paper discusses the effects of COVID-19 on society, healthcare, and global policies. Analysis 80.",BMJ,Garcia et al.,arXiv,2022-02-08
COVID-19 Research Paper 81,"This paper discusses the effects of COVID-19 on society, healthcare, and global policies. Analysis 81.",Nature,Wang et al.,PubMed,2020-02-23
COVID-19 Research Paper 82,"This paper discusses the effects of COVID-19 on society, healthcare, and global policies. Analysis 82.",BMJ,Johnson et al.,Elsevier,2023-11-03
COVID-19 Research Paper 83,"This paper discusses the effects of COVID-19 on society, healthcare, and global policies. Analysis 83.",JAMA,Garcia et al.,Elsevier,2022-07-17
COVID-19 Research Paper 84,"This paper discusses the effects of COVID-19 on society, healthcare, and global policies. Analysis 84.",Science,Johnson et al.,PubMed,2022-06-25
COVID-19 Research Paper 85,"This paper discusses the effects of COVID-19 on society, healthcare, and global policies. Analysis 85.",Science,Lee et al.,bioRxiv,2022-07-18
COVID-19 Research Paper 86,"This paper discusses the effects of COVID-19 on society, healthcare, and global policies. Analysis 86.",JAMA,Lee et al.,arXiv,2020-07-09
COVID-19 Research Paper 87,"This paper discusses the effects of COVID-19 on society, healthcare, and global policies. Analysis 87.",PLOS ONE,Garcia et al.,Elsevier,2022-10-13
COVID-19 Research Paper 88,"This paper discusses the effects of COVID-19 on society, healthcare, and global policies. Analysis 88.",Cell,Brown et al.,arXiv,2022-11-22
COVID-19 Research Paper 89,"This paper discusses the effects of COVID-19 on society, healthcare, and global policies. Analysis 89.",PLOS ONE,Smith et al.,PubMed,2023-06-02
COVID-19 Research Paper 90,"This paper discusses the effects of COVID-19 on society, healthcare, and global policies. Analysis 90.",JAMA,Brown et al.,WHO,2020-05-21
COVID-19 Research Paper 91,"This paper discusses the effects of COVID-19 on society, healthcare, and global policies. Analysis 91.",The Lancet,Wang et al.,WHO,2022-08-01
COVID-19 Research Paper 92,"This paper discusses the effects of COVID-19 on society, healthcare, and global policies. Analysis 92.",JAMA,Smith et al.,Elsevier,2020-01-21
COVID-19 Research Paper 93,"This paper discusses the effects of COVID-19 on society, healthcare, and global policies. Analysis 93.",Science,Smith et al.,bioRxiv,2021-06-23
COVID-19 Research Paper 94,"This paper discusses the effects of COVID-19 on society, healthcare, and global policies. Analysis 94.",Science,Smith et al.,WHO,2023-01-24
COVID-19 Research Paper 95,"This paper discusses the effects of COVID-19 on society, healthcare, and global policies. Analysis 95.",Science,Garcia et al.,arXiv,2021-09-15
COVID-19 Research Paper 96,"This paper discusses the effects of COVID-19 on society, healthcare, and global policies. Analysis 96.",The Lancet,Wang et al.,Elsevier,2021-01-26
COVID-19 Research Paper 97,"This paper discusses the effects of COVID-19 on society, healthcare, and global policies. Analysis 97.",JAMA,Smith et al.,arXiv,2022-03-19
COVID-19 Research Paper 98,"This paper discusses the effects of COVID-19 on society, healthcare, and global policies. Analysis 98.",Science,Lee et al.,arXiv,2022-07-22
COVID-19 Research Paper 99,"This paper discusses the effects of COVID-19 on society, healthcare, and global policies. Analysis 99.",The Lancet,Johnson et al.,PubMed,2021-06-21
COVID-19 Research Paper 100,"This paper discusses the effects of COVID-19 on society, healthcare, and global policies. Analysis 100.",Nature,Brown et al.,bioRxiv,2021-11-29
COVID-19 Research Paper 101,"This paper discusses the effects of COVID-19 on society, healthcare, and global policies. Analysis 101.",PLOS ONE,Johnson et al.,arXiv,2020-06-29
COVID-19 Research Paper 102,"This paper discusses the effects of COVID-19 on society, healthcare, and global policies. Analysis 102.",The Lancet,Wang et al.,bioRxiv,2022-08-31
COVID-19 Research Paper 103,"This paper discusses the effects of COVID-19 on society, healthcare, and global policies. Analysis 103.",Cell,Lee et al.,Elsevier,2023-06-15
COVID-19 Research Paper 104,"This paper discusses the effects of COVID-19 on society, healthcare, and global policies. Analysis 104.",Cell,Brown et al.,bioRxiv,2022-03-22
COVID-19 Research Paper 105,"This paper discusses the effects of COVID-19 on society, healthcare, and global policies. Analysis 105.",Nature,Johnson et al.,arXiv,2022-03-23
COVID-19 Research Paper 106,"This paper discusses the effects of COVID-19 on society, healthcare, and global policies. Analysis 106.",The Lancet,Lee et al.,PubMed,2023-08-10
COVID-19 Research Paper 107,"This paper discusses the effects of COVID-19 on society, healthcare, and global policies. Analysis 107.",BMJ,Lee et al.,arXiv,2021-06-17
COVID-19 Research Paper 108,"This paper discusses the effects of COVID-19 on society, healthcare, and global policies. Analysis 108.",The Lancet,Johnson et al.,arXiv,2023-01-31
COVID-19 Research Paper 109,"This paper discusses the effects of COVID-19 on society, healthcare, and global policies. Analysis 109.",BMJ,Brown et al.,bioRxiv,2020-02-18
COVID-19 Research Paper 110,"This paper discusses the effects of COVID-19 on society, healthcare, and global policies. Analysis 110.",The Lancet,Garcia et al.,PubMed,2022-11-04
COVID-19 Research Paper 111,"This paper discusses the effects of COVID-19 on society, healthcare, and global policies. Analysis 111.",Nature,Smith et al.,bioRxiv,2020-02-07
COVID-19 Research Paper 112,"This paper discusses the effects of COVID-19 on society, healthcare, and global policies. Analysis 112.",Nature,Brown et al.,Elsevier,2020-03-29
COVID-19 Research Paper 113,"This paper discusses the effects of COVID-19 on society, healthcare, and global policies. Analysis 113.",Cell,Wang et al.,WHO,2020-12-24
COVID-19 Research Paper 114,"This paper discusses the effects of COVID-19 on society, healthcare, and global policies. Analysis 114.",Cell,Lee et al.,bioRxiv,2021-11-04
COVID-19 Research Paper 115,"This paper discusses the effects of COVID-19 on society, healthcare, and global policies. Analysis 115.",The Lancet,Brown et al.,PubMed,2022-01-04
COVID-19 Research Paper 116,"This paper discusses the effects of COVID-19 on society, healthcare, and global policies. Analysis 116.",Nature,Lee et al.,PubMed,2022-05-06
COVID-19 Research Paper 117,"This paper discusses the effects of COVID-19 on society, healthcare, and global policies. Analysis 117.",BMJ,Smith et al.,WHO,2023-06-10
COVID-19 Research Paper 118,"This paper discusses the effects of COVID-19 on society, healthcare, and global policies. Analysis 118.",Nature,Smith et al.,PubMed,2020-05-24
COVID-19 Research Paper 119,"This paper discusses the effects of COVID-19 on society, healthcare, and global policies. Analysis 119.",Nature,Lee et al.,WHO,2020-09-18
COVID-19 Research Paper 120,"This paper discusses the effects of COVID-19 on society, healthcare, and global policies. Analysis 120.",BMJ,Smith et al.,bioRxiv,2022-04-16
COVID-19 Research Paper 121,"This paper discusses the effects of COVID-19 on society, healthcare, and global policies. Analysis 121.",Science,Smith et al.,bioRxiv,2021-07-03
COVID-19 Research Paper 122,"This paper discusses the effects of COVID-19 on society, healthcare, and global policies. Analysis 122.",The Lancet,Brown et al.,PubMed,2023-05-17
COVID-19 Research Paper 123,"This paper discusses the effects of COVID-19 on society, healthcare, and global policies. Analysis 123.",Cell,Johnson et al.,bioRxiv,2020-05-31
COVID-19 Research Paper 124,"This paper discusses the effects of COVID-19 on society, healthcare, and global policies. Analysis 124.",The Lancet,Garcia et al.,arXiv,2021-12-10
COVID-19 Research Paper 125,"This paper discusses the effects of COVID-19 on society, healthcare, and global policies. Analysis 125.",PLOS ONE,Lee et al.,bioRxiv,2020-09-24
COVID-19 Research Paper 126,"This paper discusses the effects of COVID-19 on society, healthcare, and global policies. Analysis 126.",The Lancet,Garcia et al.,WHO,2022-11-08
COVID-19 Research Paper 127,"This paper discusses the effects of COVID-19 on society, healthcare, and global policies. Analysis 127.",BMJ,Johnson et al.,WHO,2023-12-16
COVID-19 Research Paper 128,"This paper discusses the effects of COVID-19 on society, healthcare, and global policies. Analysis 128.",Cell,Wang et al.,bioRxiv,2020-10-19
COVID-19 Research Paper 129,"This paper discusses the effects of COVID-19 on society, healthcare, and global policies. Analysis 129.",BMJ,Johnson et al.,arXiv,2023-11-11
COVID-19 Research Paper 130,"This paper discusses the effects of COVID-19 on society, healthcare, and global policies. Analysis 130.",PLOS ONE,Wang et al.,bioRxiv,2023-04-16
COVID-19 Research Paper 131,"This paper discusses the effects of COVID-19 on society, healthcare, and global policies. Analysis 131.",JAMA,Brown et al.,PubMed,2020-06-12
COVID-19 Research Paper 132,"This paper discusses the effects of COVID-19 on society, healthcare, and global policies. Analysis 132.",PLOS ONE,Lee et al.,bioRxiv,2021-08-20
COVID-19 Research Paper 133,"This paper discusses the effects of COVID-19 on society, healthcare, and global policies. Analysis 133.",Nature,Garcia et al.,Elsevier,2021-01-26
COVID-19 Research Paper 134,"This paper discusses the effects of COVID-19 on society, healthcare, and global policies. Analysis 134.",Cell,Johnson et al.,PubMed,2021-01-09
COVID-19 Research Paper 135,"This paper discusses the effects of COVID-19 on society, healthcare, and global policies. Analysis 135.",The Lancet,Wang et al.,WHO,2020-04-17
COVID-19 Research Paper 136,"This paper discusses the effects of COVID-19 on society, healthcare, and global policies. Analysis 136.",BMJ,Lee et al.,arXiv,2023-11-25
COVID-19 Research Paper 137,"This paper discusses the effects of COVID-19 on society, healthcare, and global policies. Analysis 137.",PLOS ONE,Smith et al.,PubMed,2021-02-25
COVID-19 Research Paper 138,"This paper discusses the effects of COVID-19 on society, healthcare, and global policies. Analysis 138.",Science,Lee et al.,PubMed,2020-04-23
COVID-19 Research Paper 139,"This paper discusses the effects of COVID-19 on society, healthcare, and global policies. Analysis 139.",Nature,Johnson et al.,WHO,2021-03-31
COVID-19 Research Paper 140,"This paper discusses the effects of COVID-19 on society, healthcare, and global policies. Analysis 140.",Nature,Wang et al.,PubMed,2021-07-03
COVID-19 Research Paper 141,"This paper discusses the effects of COVID-19 on society, healthcare, and global policies. Analysis 141.",PLOS ONE,Wang et al.,WHO,2023-12-23
COVID-19 Research Paper 142,"This paper discusses the effects of COVID-19 on society, healthcare, and global policies. Analysis 142.",Nature,Brown et al.,PubMed,2021-03-23
COVID-19 Research Paper 143,"This paper discusses the effects of COVID-19 on society, healthcare, and global policies. Analysis 143.",Science,Johnson et al.,WHO,2020-10-31
COVID-19 Research Paper 144,"This paper discusses the effects of COVID-19 on society, healthcare, and global policies. Analysis 144.",The Lancet,Smith et al.,PubMed,2023-08-17
COVID-19 Research Paper 145,"This paper discusses the effects of COVID-19 on society, healthcare, and global policies. Analysis 145.",Cell,Smith et al.,WHO,2022-10-08
COVID-19 Research Paper 146,"This paper discusses the effects of COVID-19 on society, healthcare, and global policies. Analysis 146.",JAMA,Lee et al.,bioRxiv,2021-01-04
COVID-19 Research Paper 147,"This paper discusses the effects of COVID-19 on society, healthcare, and global policies. Analysis 147.",JAMA,Brown et al.,Elsevier,2023-06-06
COVID-19 Research Paper 148,"This paper discusses the effects of COVID-19 on society, healthcare, and global policies. Analysis 148.",The Lancet,Brown et al.,arXiv,2020-12-31
COVID-19 Research Paper 149,"This paper discusses the effects of COVID-19 on society, healthcare, and global policies. Analysis 149.",The Lancet,Smith et al.,PubMed,2020-11-07
COVID-19 Research Paper 150,"This paper discusses the effects of COVID-19 on society, healthcare, and global policies. Analysis 150.",Cell,Johnson et al.,PubMed,2023-09-12
COVID-19 Research Paper 151,"This paper discusses the effects of COVID-19 on society, healthcare, and global policies. Analysis 151.",JAMA,Johnson et al.,WHO,2020-03-12
COVID-19 Research Paper 152,"This paper discusses the effects of COVID-19 on society, healthcare, and global policies. Analysis 152.",PLOS ONE,Garcia et al.,PubMed,2020-02-19
COVID-19 Research Paper 153,"This paper discusses the effects of COVID-19 on society, healthcare, and global policies. Analysis 153.",BMJ,Brown et al.,bioRxiv,2021-02-19
COVID-19 Research Paper 154,"This paper discusses the effects of COVID-19 on society, healthcare, and global policies. Analysis 154.",BMJ,Johnson et al.,arXiv,2020-01-03
COVID-19 Research Paper 155,"This paper discusses the effects of COVID-19 on society, healthcare, and global policies. Analysis 155.",The Lancet,Lee et al.,WHO,2020-05-02
COVID-19 Research Paper 156,"This paper discusses the effects of COVID-19 on society, healthcare, and global policies. Analysis 156.",Science,Brown et al.,arXiv,2023-05-25
COVID-19 Research Paper 157,"This paper discusses the effects of COVID-19 on society, healthcare, and global policies. Analysis 157.",Nature,Lee et al.,Elsevier,2020-01-23
COVID-19 Research Paper 158,"This paper discusses the effects of COVID-19 on society, healthcare, and global policies. Analysis 158.",JAMA,Lee et al.,arXiv,2023-04-09
COVID-19 Research Paper 159,"This paper discusses the effects of COVID-19 on society, healthcare, and global policies. Analysis 159.",Cell,Brown et al.,bioRxiv,2022-09-07
COVID-19 Research Paper 160,"This paper discusses the effects of COVID-19 on society, healthcare, and global policies. Analysis 160.",Science,Lee et al.,WHO,2020-07-09
COVID-19 Research Paper 161,"This paper discusses the effects of COVID-19 on society, healthcare, and global policies. Analysis 161.",JAMA,Johnson et al.,bioRxiv,2021-08-01
COVID-19 Research Paper 162,"This paper discusses the effects of COVID-19 on society, healthcare, and global policies. Analysis 162.",Cell,Smith et al.,PubMed,2022-09-10
COVID-19 Research Paper 163,"This paper discusses the effects of COVID-19 on society, healthcare, and global policies. Analysis 163.",JAMA,Garcia et al.,PubMed,2021-11-16
COVID-19 Research Paper 164,"This paper discusses the effects of COVID-19 on society, healthcare, and global policies. Analysis 164.",Nature,Johnson et al.,PubMed,2022-01-19
COVID-19 Research Paper 165,"This paper discusses the effects of COVID-19 on society, healthcare, and global policies. Analysis 165.",JAMA,Wang et al.,WHO,2021-01-14
COVID-19 Research Paper 166,"This paper discusses the effects of COVID-19 on society, healthcare, and global policies. Analysis 166.",Science,Johnson et al.,bioRxiv,2021-10-11
COVID-19 Research Paper 167,"This paper discusses the effects of COVID-19 on society, healthcare, and global policies. Analysis 167.",Nature,Brown et al.,Elsevier,2020-10-20
COVID-19 Research Paper 168,"This paper discusses the effects of COVID-19 on society, healthcare, and global policies. Analysis 168.",The Lancet,Brown et al.,bioRxiv,2023-02-22
COVID-19 Research Paper 169,"This paper discusses the effects of COVID-19 on society, healthcare, and global policies. Analysis 169.",PLOS ONE,Smith et al.,bioRxiv,2020-03-23
COVID-19 Research Paper 170,"This paper discusses the effects of COVID-19 on society, healthcare, and global policies. Analysis 170.",Nature,Wang et al.,PubMed,2022-06-20
COVID-19 Research Paper 171,"This paper discusses the effects of COVID-19 on society, healthcare, and global policies. Analysis 171.",Science,Brown et al.,PubMed,2022-07-16
COVID-19 Research Paper 172,"This paper discusses the effects of COVID-19 on society, healthcare, and global policies. Analysis 172.",JAMA,Lee et al.,arXiv,2021-09-10
COVID-19 Research Paper 173,"This paper discusses the effects of COVID-19 on society, healthcare, and global policies. Analysis 173.",JAMA,Garcia et al.,bioRxiv,2023-04-09
COVID-19 Research Paper 174,"This paper discusses the effects of COVID-19 on society, healthcare, and global policies. Analysis 174.",PLOS ONE,Brown et al.,PubMed,2022-04-21
COVID-19 Research Paper 175,"This paper discusses the effects of COVID-19 on society, healthcare, and global policies. Analysis 175.",PLOS ONE,Wang et al.,PubMed,2021-10-29
COVID-19 Research Paper 176,"This paper discusses the effects of COVID-19 on society, healthcare, and global policies. Analysis 176.",Cell,Lee et al.,bioRxiv,2022-09-26
COVID-19 Research Paper 177,"This paper discusses the effects of COVID-19 on society, healthcare, and global policies. Analysis 177.",The Lancet,Wang et al.,WHO,2023-10-24
COVID-19 Research Paper 178,"This paper discusses the effects of COVID-19 on society, healthcare, and global policies. Analysis 178.",The Lancet,Brown et al.,arXiv,2022-04-23
COVID-19 Research Paper 179,"This paper discusses the effects of COVID-19 on society, healthcare, and global policies. Analysis 179.",Nature,Lee et al.,bioRxiv,2021-12-22
COVID-19 Research Paper 180,"This paper discusses the effects of COVID-19 on society, healthcare, and global policies. Analysis 180.",BMJ,Wang et al.,PubMed,2021-10-21
COVID-19 Research Paper 181,"This paper discusses the effects of COVID-19 on society, healthcare, and global policies. Analysis 181.",The Lancet,Smith et al.,PubMed,2021-07-29
COVID-19 Research Paper 182,"This paper discusses the effects of COVID-19 on society, healthcare, and global policies. Analysis 182.",Science,Smith et al.,PubMed,2023-04-19
COVID-19 Research Paper 183,"This paper discusses the effects of COVID-19 on society, healthcare, and global policies. Analysis 183.",Science,Wang et al.,bioRxiv,2023-01-27
COVID-19 Research Paper 184,"This paper discusses the effects of COVID-19 on society, healthcare, and global policies. Analysis 184.",Science,Johnson et al.,bioRxiv,2021-03-11
COVID-19 Research Paper 185,"This paper discusses the effects of COVID-19 on society, healthcare, and global policies. Analysis 185.",PLOS ONE,Johnson et al.,arXiv,2020-04-06
COVID-19 Research Paper 186,"This paper discusses the effects of COVID-19 on society, healthcare, and global policies. Analysis 186.",The Lancet,Garcia et al.,PubMed,2020-08-15
COVID-19 Research Paper 187,"This paper discusses the effects of COVID-19 on society, healthcare, and global policies. Analysis 187.",The Lancet,Lee et al.,Elsevier,2022-09-02
COVID-19 Research Paper 188,"This paper discusses the effects of COVID-19 on society, healthcare, and global policies. Analysis 188.",Science,Lee et al.,PubMed,2022-02-03
COVID-19 Research Paper 189,"This paper discusses the effects of COVID-19 on society, healthcare, and global policies. Analysis 189.",Science,Garcia et al.,PubMed,2021-03-05
COVID-19 Research Paper 190,"This paper discusses the effects of COVID-19 on society, healthcare, and global policies. Analysis 190.",The Lancet,Wang et al.,bioRxiv,2021-04-13
COVID-19 Research Paper 191,"This paper discusses the effects of COVID-19 on society, healthcare, and global policies. Analysis 191.",PLOS ONE,Johnson et al.,bioRxiv,2022-07-28
COVID-19 Research Paper 192,"This paper discusses the effects of COVID-19 on society, healthcare, and global policies. Analysis 192.",BMJ,Brown et al.,WHO,2021-03-17
COVID-19 Research Paper 193,"This paper discusses the effects of COVID-19 on society, healthcare, and global policies. Analysis 193.",BMJ,Lee et al.,WHO,2020-12-29
COVID-19 Research Paper 194,"This paper discusses the effects of COVID-19 on society, healthcare, and global policies. Analysis 194.",BMJ,Johnson et al.,Elsevier,2022-03-17
COVID-19 Research Paper 195,"This paper discusses the effects of COVID-19 on society, healthcare, and global policies. Analysis 195.",JAMA,Wang et al.,Elsevier,2022-11-08
COVID-19 Research Paper 196,"This paper discusses the effects of COVID-19 on society, healthcare, and global policies. Analysis 196.",Nature,Smith et al.,WHO,2023-11-14
COVID-19 Research Paper 197,"This paper discusses the effects of COVID-19 on society, healthcare, and global policies. Analysis 197.",BMJ,Garcia et al.,Elsevier,2023-05-31
COVID-19 Research Paper 198,"This paper discusses the effects of COVID-19 on society, healthcare, and global policies. Analysis 198.",BMJ,Garcia et al.,arXiv,2023-11-23
COVID-19 Research Paper 199,"This paper discusses the effects of COVID-19 on society, healthcare, and global policies. Analysis 199.",JAMA,Brown et al.,arXiv,2021-03-28
COVID-19 Research Paper 200,"This paper discusses the effects of COVID-19 on society, healthcare, and global policies. Analysis 200.",Science,Lee et al.,arXiv,2021-06-08
COVID-19 Research Paper 201,"This paper discusses the effects of COVID-19 on society, healthcare, and global policies. Analysis 201.",Science,Garcia et al.,arXiv,2021-01-18
COVID-19 Research Paper 202,"This paper discusses the effects of COVID-19 on society, healthcare, and global policies. Analysis 202.",PLOS ONE,Lee et al.,WHO,2022-10-30
COVID-19 Research Paper 203,"This paper discusses the effects of COVID-19 on society, healthcare, and global policies. Analysis 203.",The Lancet,Smith et al.,Elsevier,2020-11-30
COVID-19 Research Paper 204,"This paper discusses the effects of COVID-19 on society, healthcare, and global policies. Analysis 204.",Nature,Wang et al.,WHO,2023-03-27
COVID-19 Research Paper 205,"This paper discusses the effects of COVID-19 on society, healthcare, and global policies. Analysis 205.",The Lancet,Johnson et al.,bioRxiv,2022-09-06
COVID-19 Research Paper 206,"This paper discusses the effects of COVID-19 on society, healthcare, and global policies. Analysis 206.",BMJ,Wang et al.,PubMed,2020-03-01
COVID-19 Research Paper 207,"This paper discusses the effects of COVID-19 on society, healthcare, and global policies. Analysis 207.",The Lancet,Brown et al.,WHO,2020-05-13
COVID-19 Research Paper 208,"This paper discusses the effects of COVID-19 on society, healthcare, and global policies. Analysis 208.",PLOS ONE,Lee et al.,Elsevier,2020-07-29
COVID-19 Research Paper 209,"This paper discusses the effects of COVID-19 on society, healthcare, and global policies. Analysis 209.",JAMA,Lee et al.,bioRxiv,2021-09-28
COVID-19 Research Paper 210,"This paper discusses the effects of COVID-19 on society, healthcare, and global policies. Analysis 210.",Cell,Garcia et al.,Elsevier,2020-04-27
COVID-19 Research Paper 211,"This paper discusses the effects of COVID-19 on society, healthcare, and global policies. Analysis 211.",Science,Garcia et al.,PubMed,2022-09-02
COVID-19 Research Paper 212,"This paper discusses the effects of COVID-19 on society, healthcare, and global policies. Analysis 212.",Cell,Garcia et al.,arXiv,2023-09-20
COVID-19 Research Paper 213,"This paper discusses the effects of COVID-19 on society, healthcare, and global policies. Analysis 213.",BMJ,Johnson et al.,bioRxiv,2021-09-29
COVID-19 Research Paper 214,"This paper discusses the effects of COVID-19 on society, healthcare, and global policies. Analysis 214.",PLOS ONE,Wang et al.,bioRxiv,2023-04-16
COVID-19 Research Paper 215,"This paper discusses the effects of COVID-19 on society, healthcare, and global policies. Analysis 215.",Science,Brown et al.,WHO,2022-02-28
COVID-19 Research Paper 216,"This paper discusses the effects of COVID-19 on society, healthcare, and global policies. Analysis 216.",BMJ,Lee et al.,PubMed,2023-12-27
COVID-19 Research Paper 217,"This paper discusses the effects of COVID-19 on society, healthcare, and global policies. Analysis 217.",Science,Lee et al.,arXiv,2022-11-23
COVID-19 Research Paper 218,"This paper discusses the effects of COVID-19 on society, healthcare, and global policies. Analysis 218.",JAMA,Garcia et al.,Elsevier,2021-05-23
COVID-19 Research Paper 219,"This paper discusses the effects of COVID-19 on society, healthcare, and global policies. Analysis 219.",The Lancet,Brown et al.,WHO,2021-06-09
COVID-19 Research Paper 220,"This paper discusses the effects of COVID-19 on society, healthcare, and global policies. Analysis 220.",Cell,Johnson et al.,bioRxiv,2023-01-30
COVID-19 Research Paper 221,"This paper discusses the effects of COVID-19 on society, healthcare, and global policies. Analysis 221.",PLOS ONE,Smith et al.,WHO,2020-08-07
COVID-19 Research Paper 222,"This paper discusses the effects of COVID-19 on society, healthcare, and global policies. Analysis 222.",BMJ,Lee et al.,Elsevier,2021-09-25
COVID-19 Research Paper 223,"This paper discusses the effects of COVID-19 on society, healthcare, and global policies. Analysis 223.",Science,Brown et al.,PubMed,2022-05-20
COVID-19 Research Paper 224,"This paper discusses the effects of COVID-19 on society, healthcare, and global policies. Analysis 224.",The Lancet,Wang et al.,bioRxiv,2022-05-19
COVID-19 Research Paper 225,"This paper discusses the effects of COVID-19 on society, healthcare, and global policies. Analysis 225.",PLOS ONE,Brown et al.,arXiv,2023-12-13
COVID-19 Research Paper 226,"This paper discusses the effects of COVID-19 on society, healthcare, and global policies. Analysis 226.",JAMA,Smith et al.,bioRxiv,2021-03-11
COVID-19 Research Paper 227,"This paper discusses the effects of COVID-19 on society, healthcare, and global policies. Analysis 227.",Cell,Garcia et al.,WHO,2021-10-21
COVID-19 Research Paper 228,"This paper discusses the effects of COVID-19 on society, healthcare, and global policies. Analysis 228.",JAMA,Lee et al.,PubMed,2023-08-29
COVID-19 Research Paper 229,"This paper discusses the effects of COVID-19 on society, healthcare, and global policies. Analysis 229.",Science,Wang et al.,arXiv,2020-07-30
COVID-19 Research Paper 230,"This paper discusses the effects of COVID-19 on society, healthcare, and global policies. Analysis 230.",Cell,Lee et al.,PubMed,2022-05-08
COVID-19 Research Paper 231,"This paper discusses the effects of COVID-19 on society, healthcare, and global policies. Analysis 231.",Cell,Smith et al.,Elsevier,2020-04-11
COVID-19 Research Paper 232,"This paper discusses the effects of COVID-19 on society, healthcare, and global policies. Analysis 232.",JAMA,Brown et al.,Elsevier,2021-10-06
COVID-19 Research Paper 233,"This paper discusses the effects of COVID-19 on society, healthcare, and global policies. Analysis 233.",Nature,Lee et al.,PubMed,2023-09-24
COVID-19 Research Paper 234,"This paper discusses the effects of COVID-19 on society, healthcare, and global policies. Analysis 234.",BMJ,Lee et al.,arXiv,2021-09-25
COVID-19 Research Paper 235,"This paper discusses the effects of COVID-19 on society, healthcare, and global policies. Analysis 235.",Science,Garcia et al.,arXiv,2021-08-17
COVID-19 Research Paper 236,"This paper discusses the effects of COVID-19 on society, healthcare, and global policies. Analysis 236.",The Lancet,Johnson et al.,PubMed,2022-12-03
COVID-19 Research Paper 237,"This paper discusses the effects of COVID-19 on society, healthcare, and global policies. Analysis 237.",Nature,Smith et al.,WHO,2021-07-02
COVID-19 Research Paper 238,"This paper discusses the effects of COVID-19 on society, healthcare, and global policies. Analysis 238.",Nature,Brown et al.,bioRxiv,2020-10-12
COVID-19 Research Paper 239,"This paper discusses the effects of COVID-19 on society, healthcare, and global policies. Analysis 239.",JAMA,Wang et al.,WHO,2020-06-26
COVID-19 Research Paper 240,"This paper discusses the effects of COVID-19 on society, healthcare, and global policies. Analysis 240.",JAMA,Wang et al.,WHO,2021-09-24
COVID-19 Research Paper 241,"This paper discusses the effects of COVID-19 on society, healthcare, and global policies. Analysis 241.",PLOS ONE,Brown et al.,WHO,2022-07-30
COVID-19 Research Paper 242,"This paper discusses the effects of COVID-19 on society, healthcare, and global policies. Analysis 242.",Cell,Smith et al.,WHO,2020-08-11
COVID-19 Research Paper 243,"This paper discusses the effects of COVID-19 on society, healthcare, and global policies. Analysis 243.",JAMA,Johnson et al.,bioRxiv,2022-04-16
COVID-19 Research Paper 244,"This paper discusses the effects of COVID-19 on society, healthcare, and global policies. Analysis 244.",The Lancet,Lee et al.,WHO,2020-11-12
COVID-19 Research Paper 245,"This paper discusses the effects of COVID-19 on society, healthcare, and global policies. Analysis 245.",The Lancet,Garcia et al.,WHO,2022-05-29
COVID-19 Research Paper 246,"This paper discusses the effects of COVID-19 on society, healthcare, and global policies. Analysis 246.",Nature,Wang et al.,Elsevier,2023-02-06
COVID-19 Research Paper 247,"This paper discusses the effects of COVID-19 on society, healthcare, and global policies. Analysis 247.",BMJ,Garcia et al.,PubMed,2020-09-11
COVID-19 Research Paper 248,"This paper discusses the effects of COVID-19 on society, healthcare, and global policies. Analysis 248.",Nature,Wang et al.,WHO,2022-09-03
COVID-19 Research Paper 249,"This paper discusses the effects of COVID-19 on society, healthcare, and global policies. Analysis 249.",BMJ,Smith et al.,PubMed,2020-07-02
COVID-19 Research Paper 250,"This paper discusses the effects of COVID-19 on society, healthcare, and global policies. Analysis 250.",Cell,Brown et al.,PubMed,2020-06-03
COVID-19 Research Paper 251,"This paper discusses the effects of COVID-19 on society, healthcare, and global policies. Analysis 251.",The Lancet,Wang et al.,bioRxiv,2023-09-08
COVID-19 Research Paper 252,"This paper discusses the effects of COVID-19 on society, healthcare, and global policies. Analysis 252.",JAMA,Smith et al.,bioRxiv,2023-12-05
COVID-19 Research Paper 253,"This paper discusses the effects of COVID-19 on society, healthcare, and global policies. Analysis 253.",PLOS ONE,Lee et al.,Elsevier,2023-10-28
COVID-19 Research Paper 254,"This paper discusses the effects of COVID-19 on society, healthcare, and global policies. Analysis 254.",PLOS ONE,Johnson et al.,PubMed,2022-02-09
COVID-19 Research Paper 255,"This paper discusses the effects of COVID-19 on society, healthcare, and global policies. Analysis 255.",PLOS ONE,Brown et al.,PubMed,2020-09-19
COVID-19 Research Paper 256,"This paper discusses the effects of COVID-19 on society, healthcare, and global policies. Analysis 256.",The Lancet,Garcia et al.,Elsevier,2023-11-28
COVID-19 Research Paper 257,"This paper discusses the effects of COVID-19 on society, healthcare, and global policies. Analysis 257.",PLOS ONE,Johnson et al.,PubMed,2020-08-11
COVID-19 Research Paper 258,"This paper discusses the effects of COVID-19 on society, healthcare, and global policies. Analysis 258.",The Lancet,Smith et al.,WHO,2023-03-17
COVID-19 Research Paper 259,"This paper discusses the effects of COVID-19 on society, healthcare, and global policies. Analysis 259.",The Lancet,Smith et al.,WHO,2022-12-10
COVID-19 Research Paper 260,"This paper discusses the effects of COVID-19 on society, healthcare, and global policies. Analysis 260.",JAMA,Wang et al.,PubMed,2022-07-31
COVID-19 Research Paper 261,"This paper discusses the effects of COVID-19 on society, healthcare, and global policies. Analysis 261.",BMJ,Brown et al.,PubMed,2020-10-24
COVID-19 Research Paper 262,"This paper discusses the effects of COVID-19 on society, healthcare, and global policies. Analysis 262.",Nature,Johnson et al.,Elsevier,2023-08-02
COVID-19 Research Paper 263,"This paper discusses the effects of COVID-19 on society, healthcare, and global policies. Analysis 263.",The Lancet,Garcia et al.,WHO,2023-08-12
COVID-19 Research Paper 264,"This paper discusses the effects of COVID-19 on society, healthcare, and global policies. Analysis 264.",JAMA,Brown et al.,arXiv,2023-06-10
COVID-19 Research Paper 265,"This paper discusses the effects of COVID-19 on society, healthcare, and global policies. Analysis 265.",JAMA,Lee et al.,PubMed,2023-03-16
COVID-19 Research Paper 266,"This paper discusses the effects of COVID-19 on society, healthcare, and global policies. Analysis 266.",Cell,Garcia et al.,arXiv,2020-06-15
COVID-19 Research Paper 267,"This paper discusses the effects of COVID-19 on society, healthcare, and global policies. Analysis 267.",The Lancet,Johnson et al.,bioRxiv,2021-09-12
COVID-19 Research Paper 268,"This paper discusses the effects of COVID-19 on society, healthcare, and global policies. Analysis 268.",BMJ,Lee et al.,WHO,2023-11-15
COVID-19 Research Paper 269,"This paper discusses the effects of COVID-19 on society, healthcare, and global policies. Analysis 269.",JAMA,Smith et al.,PubMed,2020-02-12
COVID-19 Research Paper 270,"This paper discusses the effects of COVID-19 on society, healthcare, and global policies. Analysis 270.",BMJ,Smith et al.,bioRxiv,2021-03-04
COVID-19 Research Paper 271,"This paper discusses the effects of COVID-19 on society, healthcare, and global policies. Analysis 271.",The Lancet,Smith et al.,Elsevier,2020-02-13
COVID-19 Research Paper 272,"This paper discusses the effects of COVID-19 on society, healthcare, and global policies. Analysis 272.",The Lancet,Smith et al.,Elsevier,2022-04-30
COVID-19 Research Paper 273,"This paper discusses the effects of COVID-19 on society, healthcare, and global policies. Analysis 273.",Science,Wang et al.,bioRxiv,2022-06-23
COVID-19 Research Paper 274,"This paper discusses the effects of COVID-19 on society, healthcare, and global policies. Analysis 274.",BMJ,Garcia et al.,PubMed,2020-04-16
COVID-19 Research Paper 275,"This paper discusses the effects of COVID-19 on society, healthcare, and global policies. Analysis 275.",Cell,Garcia et al.,WHO,2020-07-12
COVID-19 Research Paper 276,"This paper discusses the effects of COVID-19 on society, healthcare, and global policies. Analysis 276.",BMJ,Smith et al.,bioRxiv,2023-08-09
COVID-19 Research Paper 277,"This paper discusses the effects of COVID-19 on society, healthcare, and global policies. Analysis 277.",PLOS ONE,Garcia et al.,WHO,2020-01-29
COVID-19 Research Paper 278,"This paper discusses the effects of COVID-19 on society, healthcare, and global policies. Analysis 278.",Science,Garcia et al.,PubMed,2020-06-09
COVID-19 Research Paper 279,"This paper discusses the effects of COVID-19 on society, healthcare, and global policies. Analysis 279.",Nature,Johnson et al.,bioRxiv,2021-10-18
COVID-19 Research Paper 280,"This paper discusses the effects of COVID-19 on society, healthcare, and global policies. Analysis 280.",The Lancet,Garcia et al.,bioRxiv,2022-08-17
COVID-19 Research Paper 281,"This paper discusses the effects of COVID-19 on society, healthcare, and global policies. Analysis 281.",PLOS ONE,Johnson et al.,WHO,2022-12-23
COVID-19 Research Paper 282,"This paper discusses the effects of COVID-19 on society, healthcare, and global policies. Analysis 282.",JAMA,Lee et al.,PubMed,2023-11-09
COVID-19 Research Paper 283,"This paper discusses the effects of COVID-19 on society, healthcare, and global policies. Analysis 283.",Nature,Johnson et al.,Elsevier,2020-09-25
COVID-19 Research Paper 284,"This paper discusses the effects of COVID-19 on society, healthcare, and global policies. Analysis 284.",Nature,Brown et al.,PubMed,2022-03-19
COVID-19 Research Paper 285,"This paper discusses the effects of COVID-19 on society, healthcare, and global policies. Analysis 285.",BMJ,Brown et al.,Elsevier,2022-08-15
COVID-19 Research Paper 286,"This paper discusses the effects of COVID-19 on society, healthcare, and global policies. Analysis 286.",The Lancet,Brown et al.,WHO,2023-07-09
COVID-19 Research Paper 287,"This paper discusses the effects of COVID-19 on society, healthcare, and global policies. Analysis 287.",BMJ,Johnson et al.,WHO,2022-12-18
COVID-19 Research Paper 288,"This paper discusses the effects of COVID-19 on society, healthcare, and global policies. Analysis 288.",Nature,Lee et al.,PubMed,2022-05-12
COVID-19 Research Paper 289,"This paper discusses the effects of COVID-19 on society, healthcare, and global policies. Analysis 289.",Nature,Lee et al.,WHO,2021-06-20
COVID-19 Research Paper 290,"This paper discusses the effects of COVID-19 on society, healthcare, and global policies. Analysis 290.",JAMA,Brown et al.,WHO,2021-02-13
COVID-19 Research Paper 291,"This paper discusses the effects of COVID-19 on society, healthcare, and global policies. Analysis 291.",BMJ,Garcia et al.,Elsevier,2021-11-16
COVID-19 Research Paper 292,"This paper discusses the effects of COVID-19 on society, healthcare, and global policies. Analysis 292.",PLOS ONE,Wang et al.,arXiv,2021-11-07
COVID-19 Research Paper 293,"This paper discusses the effects of COVID-19 on society, healthcare, and global policies. Analysis 293.",JAMA,Wang et al.,Elsevier,2020-03-10
COVID-19 Research Paper 294,"This paper discusses the effects of COVID-19 on society, healthcare, and global policies. Analysis 294.",Cell,Lee et al.,PubMed,2021-04-28
COVID-19 Research Paper 295,"This paper discusses the effects of COVID-19 on society, healthcare, and global policies. Analysis 295.",Cell,Brown et al.,Elsevier,2021-12-24
COVID-19 Research Paper 296,"This paper discusses the effects of COVID-19 on society, healthcare, and global policies. Analysis 296.",Science,Brown et al.,arXiv,2021-06-10
COVID-19 Research Paper 297,"This paper discusses the effects of COVID-19 on society, healthcare, and global policies. Analysis 297.",BMJ,Lee et al.,bioRxiv,2021-03-21
COVID-19 Research Paper 298,"This paper discusses the effects of COVID-19 on society, healthcare, and global policies. Analysis 298.",Cell,Wang et al.,Elsevier,2020-05-31
COVID-19 Research Paper 299,"This paper discusses the effects of COVID-19 on society, healthcare, and global policies. Analysis 299.",Cell,Brown et al.,WHO,2023-05-13
COVID-19 Research Paper 300,"This paper discusses the effects of COVID-19 on society, healthcare, and global policies. Analysis 300.",PLOS ONE,Smith et al.,PubMed,2021-11-22
COVID-19 Research Paper 301,"This paper discusses the effects of COVID-19 on society, healthcare, and global policies. Analysis 301.",Science,Brown et al.,WHO,2021-07-07
COVID-19 Research Paper 302,"This paper discusses the effects of COVID-19 on society, healthcare, and global policies. Analysis 302.",The Lancet,Johnson et al.,Elsevier,2021-06-29
COVID-19 Research Paper 303,"This paper discusses the effects of COVID-19 on society, healthcare, and global policies. Analysis 303.",Nature,Smith et al.,PubMed,2021-02-06
COVID-19 Research Paper 304,"This paper discusses the effects of COVID-19 on society, healthcare, and global policies. Analysis 304.",JAMA,Johnson et al.,Elsevier,2021-06-27
COVID-19 Research Paper 305,"This paper discusses the effects of COVID-19 on society, healthcare, and global policies. Analysis 305.",Nature,Wang et al.,WHO,2023-03-29
COVID-19 Research Paper 306,"This paper discusses the effects of COVID-19 on society, healthcare, and global policies. Analysis 306.",Cell,Wang et al.,bioRxiv,2022-02-04
COVID-19 Research Paper 307,"This paper discusses the effects of COVID-19 on society, healthcare, and global policies. Analysis 307.",BMJ,Brown et al.,bioRxiv,2023-08-13
COVID-19 Research Paper 308,"This paper discusses the effects of COVID-19 on society, healthcare, and global policies. Analysis 308.",The Lancet,Johnson et al.,arXiv,2023-03-29
COVID-19 Research Paper 309,"This paper discusses the effects of COVID-19 on society, healthcare, and global policies. Analysis 309.",The Lancet,Wang et al.,PubMed,2021-06-18
COVID-19 Research Paper 310,"This paper discusses the effects of COVID-19 on society, healthcare, and global policies. Analysis 310.",BMJ,Lee et al.,PubMed,2021-10-07
COVID-19 Research Paper 311,"This paper discusses the effects of COVID-19 on society, healthcare, and global policies. Analysis 311.",The Lancet,Johnson et al.,bioRxiv,2023-11-09
COVID-19 Research Paper 312,"This paper discusses the effects of COVID-19 on society, healthcare, and global policies. Analysis 312.",BMJ,Lee et al.,arXiv,2022-10-08
COVID-19 Research Paper 313,"This paper discusses the effects of COVID-19 on society, healthcare, and global policies. Analysis 313.",The Lancet,Smith et al.,Elsevier,2021-06-28
COVID-19 Research Paper 314,"This paper discusses the effects of COVID-19 on society, healthcare, and global policies. Analysis 314.",JAMA,Brown et al.,PubMed,2021-01-14
COVID-19 Research Paper 315,"This paper discusses the effects of COVID-19 on society, healthcare, and global policies. Analysis 315.",Science,Brown et al.,WHO,2023-11-30
COVID-19 Research Paper 316,"This paper discusses the effects of COVID-19 on society, healthcare, and global policies. Analysis 316.",Cell,Smith et al.,WHO,2023-05-21
COVID-19 Research Paper 317,"This paper discusses the effects of COVID-19 on society, healthcare, and global policies. Analysis 317.",PLOS ONE,Lee et al.,bioRxiv,2022-09-06
COVID-19 Research Paper 318,"This paper discusses the effects of COVID-19 on society, healthcare, and global policies. Analysis 318.",Nature,Johnson et al.,PubMed,2021-05-29
COVID-19 Research Paper 319,"This paper discusses the effects of COVID-19 on society, healthcare, and global policies. Analysis 319.",Cell,Smith et al.,PubMed,2023-03-16
COVID-19 Research Paper 320,"This paper discusses the effects of COVID-19 on society, healthcare, and global policies. Analysis 320.",Science,Smith et al.,arXiv,2022-05-28
COVID-19 Research Paper 321,"This paper discusses the effects of COVID-19 on society, healthcare, and global policies. Analysis 321.",The Lancet,Brown et al.,Elsevier,2021-09-16
COVID-19 Research Paper 322,"This paper discusses the effects of COVID-19 on society, healthcare, and global policies. Analysis 322.",Science,Wang et al.,PubMed,2023-06-05
COVID-19 Research Paper 323,"This paper discusses the effects of COVID-19 on society, healthcare, and global policies. Analysis 323.",JAMA,Wang et al.,WHO,2022-04-05
COVID-19 Research Paper 324,"This paper discusses the effects of COVID-19 on society, healthcare, and global policies. Analysis 324.",Cell,Smith et al.,bioRxiv,2021-05-21
COVID-19 Research Paper 325,"This paper discusses the effects of COVID-19 on society, healthcare, and global policies. Analysis 325.",Science,Johnson et al.,WHO,2020-08-03
COVID-19 Research Paper 326,"This paper discusses the effects of COVID-19 on society, healthcare, and global policies. Analysis 326.",PLOS ONE,Johnson et al.,WHO,2020-07-22
COVID-19 Research Paper 327,"This paper discusses the effects of COVID-19 on society, healthcare, and global policies. Analysis 327.",BMJ,Johnson et al.,Elsevier,2023-12-28
COVID-19 Research Paper 328,"This paper discusses the effects of COVID-19 on society, healthcare, and global policies. Analysis 328.",BMJ,Smith et al.,Elsevier,2023-04-02
COVID-19 Research Paper 329,"This paper discusses the effects of COVID-19 on society, healthcare, and global policies. Analysis 329.",Nature,Smith et al.,WHO,2023-05-07
COVID-19 Research Paper 330,"This paper discusses the effects of COVID-19 on society, healthcare, and global policies. Analysis 330.",PLOS ONE,Lee et al.,bioRxiv,2021-05-13
COVID-19 Research Paper 331,"This paper discusses the effects of COVID-19 on society, healthcare, and global policies. Analysis 331.",PLOS ONE,Smith et al.,Elsevier,2021-04-14
COVID-19 Research Paper 332,"This paper discusses the effects of COVID-19 on society, healthcare, and global policies. Analysis 332.",The Lancet,Brown et al.,PubMed,2022-09-20
COVID-19 Research Paper 333,"This paper discusses the effects of COVID-19 on society, healthcare, and global policies. Analysis 333.",Nature,Wang et al.,PubMed,2023-07-13
COVID-19 Research Paper 334,"This paper discusses the effects of COVID-19 on society, healthcare, and global policies. Analysis 334.",JAMA,Brown et al.,WHO,2020-07-17
COVID-19 Research Paper 335,"This paper discusses the effects of COVID-19 on society, healthcare, and global policies. Analysis 335.",BMJ,Johnson et al.,arXiv,2020-03-24
COVID-19 Research Paper 336,"This paper discusses the effects of COVID-19 on society, healthcare, and global policies. Analysis 336.",JAMA,Wang et al.,bioRxiv,2023-11-09
COVID-19 Research Paper 337,"This paper discusses the effects of COVID-19 on society, healthcare, and global policies. Analysis 337.",JAMA,Johnson et al.,WHO,2022-04-05
COVID-19 Research Paper 338,"This paper discusses the effects of COVID-19 on society, healthcare, and global policies. Analysis 338.",JAMA,Garcia et al.,bioRxiv,2020-07-08
COVID-19 Research Paper 339,"This paper discusses the effects of COVID-19 on society, healthcare, and global policies. Analysis 339.",PLOS ONE,Smith et al.,bioRxiv,2021-08-31
COVID-19 Research Paper 340,"This paper discusses the effects of COVID-19 on society, healthcare, and global policies. Analysis 340.",Cell,Smith et al.,PubMed,2022-05-15
COVID-19 Research Paper 341,"This paper discusses the effects of COVID-19 on society, healthcare, and global policies. Analysis 341.",PLOS ONE,Smith et al.,WHO,2023-04-10
COVID-19 Research Paper 342,"This paper discusses the effects of COVID-19 on society, healthcare, and global policies. Analysis 342.",PLOS ONE,Wang et al.,PubMed,2021-08-30
COVID-19 Research Paper 343,"This paper discusses the effects of COVID-19 on society, healthcare, and global policies. Analysis 343.",The Lancet,Brown et al.,WHO,2021-09-06
COVID-19 Research Paper 344,"This paper discusses the effects of COVID-19 on society, healthcare, and global policies. Analysis 344.",BMJ,Wang et al.,arXiv,2022-06-29
COVID-19 Research Paper 345,"This paper discusses the effects of COVID-19 on society, healthcare, and global policies. Analysis 345.",Nature,Johnson et al.,WHO,2022-01-09
COVID-19 Research Paper 346,"This paper discusses the effects of COVID-19 on society, healthcare, and global policies. Analysis 346.",Nature,Lee et al.,Elsevier,2021-02-21
COVID-19 Research Paper 347,"This paper discusses the effects of COVID-19 on society, healthcare, and global policies. Analysis 347.",Science,Brown et al.,WHO,2020-12-01
COVID-19 Research Paper 348,"This paper discusses the effects of COVID-19 on society, healthcare, and global policies. Analysis 348.",JAMA,Garcia et al.,arXiv,2021-02-28
COVID-19 Research Paper 349,"This paper discusses the effects of COVID-19 on society, healthcare, and global policies. Analysis 349.",Cell,Smith et al.,Elsevier,2021-05-17
COVID-19 Research Paper 350,"This paper discusses the effects of COVID-19 on society, healthcare, and global policies. Analysis 350.",The Lancet,Johnson et al.,bioRxiv,2023-12-15
COVID-19 Research Paper 351,"This paper discusses the effects of COVID-19 on society, healthcare, and global policies. Analysis 351.",Cell,Lee et al.,bioRxiv,2021-06-01
COVID-19 Research Paper 352,"This paper discusses the effects of COVID-19 on society, healthcare, and global policies. Analysis 352.",Nature,Wang et al.,bioRxiv,2021-08-14
COVID-19 Research Paper 353,"This paper discusses the effects of COVID-19 on society, healthcare, and global policies. Analysis 353.",PLOS ONE,Lee et al.,WHO,2023-08-27
COVID-19 Research Paper 354,"This paper discusses the effects of COVID-19 on society, healthcare, and global policies. Analysis 354.",The Lancet,Brown et al.,arXiv,2020-01-29
COVID-19 Research Paper 355,"This paper discusses the effects of COVID-19 on society, healthcare, and global policies. Analysis 355.",The Lancet,Lee et al.,arXiv,2020-11-05
COVID-19 Research Paper 356,"This paper discusses the effects of COVID-19 on society, healthcare, and global policies. Analysis 356.",JAMA,Wang et al.,Elsevier,2021-01-15
COVID-19 Research Paper 357,"This paper discusses the effects of COVID-19 on society, healthcare, and global policies. Analysis 357.",PLOS ONE,Wang et al.,arXiv,2021-01-23
COVID-19 Research Paper 358,"This paper discusses the effects of COVID-19 on society, healthcare, and global policies. Analysis 358.",JAMA,Smith et al.,WHO,2020-08-28
COVID-19 Research Paper 359,"This paper discusses the effects of COVID-19 on society, healthcare, and global policies. Analysis 359.",Science,Wang et al.,Elsevier,2021-06-01
COVID-19 Research Paper 360,"This paper discusses the effects of COVID-19 on society, healthcare, and global policies. Analysis 360.",The Lancet,Smith et al.,WHO,2020-06-03
COVID-19 Research Paper 361,"This paper discusses the effects of COVID-19 on society, healthcare, and global policies. Analysis 361.",Science,Smith et al.,Elsevier,2022-11-17
COVID-19 Research Paper 362,"This paper discusses the effects of COVID-19 on society, healthcare, and global policies. Analysis 362.",Nature,Johnson et al.,WHO,2023-05-16
COVID-19 Research Paper 363,"This paper discusses the effects of COVID-19 on society, healthcare, and global policies. Analysis 363.",PLOS ONE,Wang et al.,bioRxiv,2022-07-17
COVID-19 Research Paper 364,"This paper discusses the effects of COVID-19 on society, healthcare, and global policies. Analysis 364.",JAMA,Wang et al.,Elsevier,2020-04-30
COVID-19 Research Paper 365,"This paper discusses the effects of COVID-19 on society, healthcare, and global policies. Analysis 365.",BMJ,Smith et al.,PubMed,2022-03-09
COVID-19 Research Paper 366,"This paper discusses the effects of COVID-19 on society, healthcare, and global policies. Analysis 366.",PLOS ONE,Johnson et al.,arXiv,2021-12-12
COVID-19 Research Paper 367,"This paper discusses the effects of COVID-19 on society, healthcare, and global policies. Analysis 367.",Science,Wang et al.,WHO,2022-12-05
COVID-19 Research Paper 368,"This paper discusses the effects of COVID-19 on society, healthcare, and global policies. Analysis 368.",PLOS ONE,Wang et al.,bioRxiv,2023-03-28
COVID-19 Research Paper 369,"This paper discusses the effects of COVID-19 on society, healthcare, and global policies. Analysis 369.",BMJ,Johnson et al.,Elsevier,2020-02-19
COVID-19 Research Paper 370,"This paper discusses the effects of COVID-19 on society, healthcare, and global policies. Analysis 370.",The Lancet,Wang et al.,arXiv,2020-08-25
COVID-19 Research Paper 371,"This paper discusses the effects of COVID-19 on society, healthcare, and global policies. Analysis 371.",JAMA,Garcia et al.,arXiv,2022-07-23
COVID-19 Research Paper 372,"This paper discusses the effects of COVID-19 on society, healthcare, and global policies. Analysis 372.",JAMA,Wang et al.,bioRxiv,2021-01-24
COVID-19 Research Paper 373,"This paper discusses the effects of COVID-19 on society, healthcare, and global policies. Analysis 373.",BMJ,Garcia et al.,Elsevier,2020-04-09
COVID-19 Research Paper 374,"This paper discusses the effects of COVID-19 on society, healthcare, and global policies. Analysis 374.",BMJ,Garcia et al.,arXiv,2023-08-18
COVID-19 Research Paper 375,"This paper discusses the effects of COVID-19 on society, healthcare, and global policies. Analysis 375.",Nature,Johnson et al.,PubMed,2021-01-06
COVID-19 Research Paper 376,"This paper discusses the effects of COVID-19 on society, healthcare, and global policies. Analysis 376.",Cell,Johnson et al.,bioRxiv,2020-05-17
COVID-19 Research Paper 377,"This paper discusses the effects of COVID-19 on society, healthcare, and global policies. Analysis 377.",Nature,Brown et al.,WHO,2023-01-12
COVID-19 Research Paper 378,"This paper discusses the effects of COVID-19 on society, healthcare, and global policies. Analysis 378.",The Lancet,Wang et al.,WHO,2022-11-20
COVID-19 Research Paper 379,"This paper discusses the effects of COVID-19 on society, healthcare, and global policies. Analysis 379.",Nature,Wang et al.,arXiv,2021-05-10
COVID-19 Research Paper 380,"This paper discusses the effects of COVID-19 on society, healthcare, and global policies. Analysis 380.",PLOS ONE,Lee et al.,Elsevier,2023-01-21
COVID-19 Research Paper 381,"This paper discusses the effects of COVID-19 on society, healthcare, and global policies. Analysis 381.",BMJ,Brown et al.,arXiv,2022-07-20
COVID-19 Research Paper 382,"This paper discusses the effects of COVID-19 on society, healthcare, and global policies. Analysis 382.",Cell,Johnson et al.,PubMed,2021-06-13
COVID-19 Research Paper 383,"This paper discusses the effects of COVID-19 on society, healthcare, and global policies. Analysis 383.",Cell,Garcia et al.,arXiv,2022-04-16
COVID-19 Research Paper 384,"This paper discusses the effects of COVID-19 on society, healthcare, and global policies. Analysis 384.",Science,Lee et al.,WHO,2021-08-29
COVID-19 Research Paper 385,"This paper discusses the effects of COVID-19 on society, healthcare, and global policies. Analysis 385.",Science,Wang et al.,arXiv,2022-05-12
COVID-19 Research Paper 386,"This paper discusses the effects of COVID-19 on society, healthcare, and global policies. Analysis 386.",JAMA,Smith et al.,Elsevier,2023-01-05
COVID-19 Research Paper 387,"This paper discusses the effects of COVID-19 on society, healthcare, and global policies. Analysis 387.",Nature,Brown et al.,PubMed,2021-03-07
COVID-19 Research Paper 388,"This paper discusses the effects of COVID-19 on society, healthcare, and global policies. Analysis 388.",JAMA,Smith et al.,arXiv,2022-02-18
COVID-19 Research Paper 389,"This paper discusses the effects of COVID-19 on society, healthcare, and global policies. Analysis 389.",Cell,Brown et al.,bioRxiv,2020-05-08
COVID-19 Research Paper 390,"This paper discusses the effects of COVID-19 on society, healthcare, and global policies. Analysis 390.",The Lancet,Wang et al.,PubMed,2020-03-15
COVID-19 Research Paper 391,"This paper discusses the effects of COVID-19 on society, healthcare, and global policies. Analysis 391.",BMJ,Brown et al.,PubMed,2021-10-02
COVID-19 Research Paper 392,"This paper discusses the effects of COVID-19 on society, healthcare, and global policies. Analysis 392.",The Lancet,Lee et al.,Elsevier,2021-10-07
COVID-19 Research Paper 393,"This paper discusses the effects of COVID-19 on society, healthcare, and global policies. Analysis 393.",JAMA,Johnson et al.,WHO,2022-06-01
COVID-19 Research Paper 394,"This paper discusses the effects of COVID-19 on society, healthcare, and global policies. Analysis 394.",Nature,Garcia et al.,bioRxiv,2022-05-18
COVID-19 Research Paper 395,"This paper discusses the effects of COVID-19 on society, healthcare, and global policies. Analysis 395.",The Lancet,Johnson et al.,WHO,2020-02-08
COVID-19 Research Paper 396,"This paper discusses the effects of COVID-19 on society, healthcare, and global policies. Analysis 396.",Nature,Garcia et al.,WHO,2023-03-22
COVID-19 Research Paper 397,"This paper discusses the effects of COVID-19 on society, healthcare, and global policies. Analysis 397.",The Lancet,Johnson et al.,Elsevier,2021-09-24
COVID-19 Research Paper 398,"This paper discusses the effects of COVID-19 on society, healthcare, and global policies. Analysis 398.",The Lancet,Garcia et al.,PubMed,2023-11-05
COVID-19 Research Paper 399,"This paper discusses the effects of COVID-19 on society, healthcare, and global policies. Analysis 399.",BMJ,Brown et al.,bioRxiv,2022-10-27
COVID-19 Research Paper 400,"This paper discusses the effects of COVID-19 on society, healthcare, and global policies. Analysis 400.",The Lancet,Lee et al.,arXiv,2022-07-26
COVID-19 Research Paper 401,"This paper discusses the effects of COVID-19 on society, healthcare, and global policies. Analysis 401.",PLOS ONE,Garcia et al.,PubMed,2021-04-07
COVID-19 Research Paper 402,"This paper discusses the effects of COVID-19 on society, healthcare, and global policies. Analysis 402.",Cell,Garcia et al.,Elsevier,2020-10-29
COVID-19 Research Paper 403,"This paper discusses the effects of COVID-19 on society, healthcare, and global policies. Analysis 403.",JAMA,Garcia et al.,WHO,2020-10-20
COVID-19 Research Paper 404,"This paper discusses the effects of COVID-19 on society, healthcare, and global policies. Analysis 404.",The Lancet,Lee et al.,arXiv,2021-09-06
COVID-19 Research Paper 405,"This paper discusses the effects of COVID-19 on society, healthcare, and global policies. Analysis 405.",Science,Brown et al.,arXiv,2021-11-12
COVID-19 Research Paper 406,"This paper discusses the effects of COVID-19 on society, healthcare, and global policies. Analysis 406.",The Lancet,Johnson et al.,bioRxiv,2022-03-25
COVID-19 Research Paper 407,"This paper discusses the effects of COVID-19 on society, healthcare, and global policies. Analysis 407.",BMJ,Johnson et al.,Elsevier,2020-05-25
COVID-19 Research Paper 408,"This paper discusses the effects of COVID-19 on society, healthcare, and global policies. Analysis 408.",The Lancet,Wang et al.,arXiv,2022-05-19
COVID-19 Research Paper 409,"This paper discusses the effects of COVID-19 on society, healthcare, and global policies. Analysis 409.",Nature,Johnson et al.,arXiv,2023-07-12
COVID-19 Research Paper 410,"This paper discusses the effects of COVID-19 on society, healthcare, and global policies. Analysis 410.",Science,Lee et al.,WHO,2023-10-27
COVID-19 Research Paper 411,"This paper discusses the effects of COVID-19 on society, healthcare, and global policies. Analysis 411.",Cell,Smith et al.,arXiv,2021-05-02
COVID-19 Research Paper 412,"This paper discusses the effects of COVID-19 on society, healthcare, and global policies. Analysis 412.",JAMA,Lee et al.,PubMed,2020-07-14
COVID-19 Research Paper 413,"This paper discusses the effects of COVID-19 on society, healthcare, and global policies. Analysis 413.",PLOS ONE,Lee et al.,Elsevier,2023-12-14
COVID-19 Research Paper 414,"This paper discusses the effects of COVID-19 on society, healthcare, and global policies. Analysis 414.",Nature,Garcia et al.,WHO,2023-03-26
COVID-19 Research Paper 415,"This paper discusses the effects of COVID-19 on society, healthcare, and global policies. Analysis 415.",The Lancet,Smith et al.,Elsevier,2022-11-23
COVID-19 Research Paper 416,"This paper discusses the effects of COVID-19 on society, healthcare, and global policies. Analysis 416.",Cell,Brown et al.,Elsevier,2020-01-15
COVID-19 Research Paper 417,"This paper discusses the effects of COVID-19 on society, healthcare, and global policies. Analysis 417.",Science,Johnson et al.,WHO,2020-08-28
COVID-19 Research Paper 418,"This paper discusses the effects of COVID-19 on society, healthcare, and global policies. Analysis 418.",BMJ,Brown et al.,bioRxiv,2020-01-22
COVID-19 Research Paper 419,"This paper discusses the effects of COVID-19 on society, healthcare, and global policies. Analysis 419.",Science,Garcia et al.,WHO,2020-08-26
COVID-19 Research Paper 420,"This paper discusses the effects of COVID-19 on society, healthcare, and global policies. Analysis 420.",BMJ,Garcia et al.,PubMed,2022-06-11
COVID-19 Research Paper 421,"This paper discusses the effects of COVID-19 on society, healthcare, and global policies. Analysis 421.",Cell,Brown et al.,arXiv,2021-06-14
COVID-19 Research Paper 422,"This paper discusses the effects of COVID-19 on society, healthcare, and global policies. Analysis 422.",Science,Smith et al.,Elsevier,2023-08-07
COVID-19 Research Paper 423,"This paper discusses the effects of COVID-19 on society, healthcare, and global policies. Analysis 423.",JAMA,Johnson et al.,WHO,2020-07-24
COVID-19 Research Paper 424,"This paper discusses the effects of COVID-19 on society, healthcare, and global policies. Analysis 424.",Cell,Wang et al.,PubMed,2022-12-23
COVID-19 Research Paper 425,"This paper discusses the effects of COVID-19 on society, healthcare, and global policies. Analysis 425.",Cell,Smith et al.,bioRxiv,2021-06-04
COVID-19 Research Paper 426,"This paper discusses the effects of COVID-19 on society, healthcare, and global policies. Analysis 426.",Nature,Smith et al.,PubMed,2020-02-21
COVID-19 Research Paper 427,"This paper discusses the effects of COVID-19 on society, healthcare, and global policies. Analysis 427.",PLOS ONE,Johnson et al.,arXiv,2022-12-26
COVID-19 Research Paper 428,"This paper discusses the effects of COVID-19 on society, healthcare, and global policies. Analysis 428.",Science,Garcia et al.,Elsevier,2022-05-16
COVID-19 Research Paper 429,"This paper discusses the effects of COVID-19 on society, healthcare, and global policies. Analysis 429.",Cell,Garcia et al.,WHO,2021-10-20
COVID-19 Research Paper 430,"This paper discusses the effects of COVID-19 on society, healthcare, and global policies. Analysis 430.",Cell,Smith et al.,Elsevier,2022-06-13
COVID-19 Research Paper 431,"This paper discusses the effects of COVID-19 on society, healthcare, and global policies. Analysis 431.",Nature,Lee et al.,WHO,2023-01-17
COVID-19 Research Paper 432,"This paper discusses the effects of COVID-19 on society, healthcare, and global policies. Analysis 432.",Science,Lee et al.,Elsevier,2022-11-16
COVID-19 Research Paper 433,"This paper discusses the effects of COVID-19 on society, healthcare, and global policies. Analysis 433.",PLOS ONE,Johnson et al.,Elsevier,2020-08-06
COVID-19 Research Paper 434,"This paper discusses the effects of COVID-19 on society, healthcare, and global policies. Analysis 434.",PLOS ONE,Brown et al.,bioRxiv,2020-09-10
COVID-19 Research Paper 435,"This paper discusses the effects of COVID-19 on society, healthcare, and global policies. Analysis 435.",Nature,Garcia et al.,bioRxiv,2023-10-01
COVID-19 Research Paper 436,"This paper discusses the effects of COVID-19 on society, healthcare, and global policies. Analysis 436.",JAMA,Garcia et al.,PubMed,2022-10-04
COVID-19 Research Paper 437,"This paper discusses the effects of COVID-19 on society, healthcare, and global policies. Analysis 437.",PLOS ONE,Wang et al.,Elsevier,2021-04-05
COVID-19 Research Paper 438,"This paper discusses the effects of COVID-19 on society, healthcare, and global policies. Analysis 438.",The Lancet,Wang et al.,WHO,2023-02-13
COVID-19 Research Paper 439,"This paper discusses the effects of COVID-19 on society, healthcare, and global policies. Analysis 439.",Nature,Smith et al.,PubMed,2023-03-19
COVID-19 Research Paper 440,"This paper discusses the effects of COVID-19 on society, healthcare, and global policies. Analysis 440.",Nature,Smith et al.,Elsevier,2021-04-30
COVID-19 Research Paper 441,"This paper discusses the effects of COVID-19 on society, healthcare, and global policies. Analysis 441.",BMJ,Lee et al.,Elsevier,2020-12-23
COVID-19 Research Paper 442,"This paper discusses the effects of COVID-19 on society, healthcare, and global policies. Analysis 442.",BMJ,Garcia et al.,arXiv,2022-11-06
COVID-19 Research Paper 443,"This paper discusses the effects of COVID-19 on society, healthcare, and global policies. Analysis 443.",Nature,Garcia et al.,PubMed,2020-09-12
COVID-19 Research Paper 444,"This paper discusses the effects of COVID-19 on society, healthcare, and global policies. Analysis 444.",JAMA,Brown et al.,PubMed,2020-06-06
COVID-19 Research Paper 445,"This paper discusses the effects of COVID-19 on society, healthcare, and global policies. Analysis 445.",Science,Smith et al.,Elsevier,2023-11-04
COVID-19 Research Paper 446,"This paper discusses the effects of COVID-19 on society, healthcare, and global policies. Analysis 446.",Cell,Brown et al.,PubMed,2020-03-05
COVID-19 Research Paper 447,"This paper discusses the effects of COVID-19 on society, healthcare, and global policies. Analysis 447.",PLOS ONE,Wang et al.,arXiv,2020-10-02
COVID-19 Research Paper 448,"This paper discusses the effects of COVID-19 on society, healthcare, and global policies. Analysis 448.",Cell,Brown et al.,arXiv,2023-08-11
COVID-19 Research Paper 449,"This paper discusses the effects of COVID-19 on society, healthcare, and global policies. Analysis 449.",JAMA,Johnson et al.,PubMed,2022-04-12
COVID-19 Research Paper 450,"This paper discusses the effects of COVID-19 on society, healthcare, and global policies. Analysis 450.",The Lancet,Brown et al.,Elsevier,2023-09-06
COVID-19 Research Paper 451,"This paper discusses the effects of COVID-19 on society, healthcare, and global policies. Analysis 451.",JAMA,Garcia et al.,arXiv,2021-02-25
COVID-19 Research Paper 452,"This paper discusses the effects of COVID-19 on society, healthcare, and global policies. Analysis 452.",Cell,Wang et al.,PubMed,2022-09-19
COVID-19 Research Paper 453,"This paper discusses the effects of COVID-19 on society, healthcare, and global policies. Analysis 453.",Cell,Smith et al.,arXiv,2023-11-25
COVID-19 Research Paper 454,"This paper discusses the effects of COVID-19 on society, healthcare, and global policies. Analysis 454.",Science,Brown et al.,Elsevier,2022-12-14
COVID-19 Research Paper 455,"This paper discusses the effects of COVID-19 on society, healthcare, and global policies. Analysis 455.",The Lancet,Wang et al.,Elsevier,2021-05-05
COVID-19 Research Paper 456,"This paper discusses the effects of COVID-19 on society, healthcare, and global policies. Analysis 456.",Science,Johnson et al.,WHO,2022-04-14
COVID-19 Research Paper 457,"This paper discusses the effects of COVID-19 on society, healthcare, and global policies. Analysis 457.",Science,Garcia et al.,Elsevier,2020-09-13
COVID-19 Research Paper 458,"This paper discusses the effects of COVID-19 on society, healthcare, and global policies. Analysis 458.",The Lancet,Smith et al.,WHO,2023-10-31
COVID-19 Research Paper 459,"This paper discusses the effects of COVID-19 on society, healthcare, and global policies. Analysis 459.",Science,Smith et al.,bioRxiv,2023-08-30
COVID-19 Research Paper 460,"This paper discusses the effects of COVID-19 on society, healthcare, and global policies. Analysis 460.",BMJ,Wang et al.,Elsevier,2020-06-20
COVID-19 Research Paper 461,"This paper discusses the effects of COVID-19 on society, healthcare, and global policies. Analysis 461.",BMJ,Lee et al.,Elsevier,2023-10-31
COVID-19 Research Paper 462,"This paper discusses the effects of COVID-19 on society, healthcare, and global policies. Analysis 462.",The Lancet,Garcia et al.,PubMed,2020-09-08
COVID-19 Research Paper 463,"This paper discusses the effects of COVID-19 on society, healthcare, and global policies. Analysis 463.",Science,Smith et al.,PubMed,2022-04-02
COVID-19 Research Paper 464,"This paper discusses the effects of COVID-19 on society, healthcare, and global policies. Analysis 464.",Nature,Lee et al.,bioRxiv,2020-01-19
COVID-19 Research Paper 465,"This paper discusses the effects of COVID-19 on society, healthcare, and global policies. Analysis 465.",Nature,Brown et al.,Elsevier,2022-02-22
COVID-19 Research Paper 466,"This paper discusses the effects of COVID-19 on society, healthcare, and global policies. Analysis 466.",JAMA,Smith et al.,WHO,2021-08-17
COVID-19 Research Paper 467,"This paper discusses the effects of COVID-19 on society, healthcare, and global policies. Analysis 467.",Science,Lee et al.,WHO,2023-10-16
COVID-19 Research Paper 468,"This paper discusses the effects of COVID-19 on society, healthcare, and global policies. Analysis 468.",JAMA,Garcia et al.,bioRxiv,2023-12-21
COVID-19 Research Paper 469,"This paper discusses the effects of COVID-19 on society, healthcare, and global policies. Analysis 469.",Science,Brown et al.,Elsevier,2022-09-07
COVID-19 Research Paper 470,"This paper discusses the effects of COVID-19 on society, healthcare, and global policies. Analysis 470.",BMJ,Garcia et al.,bioRxiv,2020-11-02
COVID-19 Research Paper 471,"This paper discusses the effects of COVID-19 on society, healthcare, and global policies. Analysis 471.",Science,Lee et al.,PubMed,2021-12-30
COVID-19 Research Paper 472,"This paper discusses the effects of COVID-19 on society, healthcare, and global policies. Analysis 472.",Nature,Brown et al.,WHO,2021-10-14
COVID-19 Research Paper 473,"This paper discusses the effects of COVID-19 on society, healthcare, and global policies. Analysis 473.",JAMA,Smith et al.,WHO,2020-06-03
COVID-19 Research Paper 474,"This paper discusses the effects of COVID-19 on society, healthcare, and global policies. Analysis 474.",BMJ,Brown et al.,Elsevier,2022-02-10
COVID-19 Research Paper 475,"This paper discusses the effects of COVID-19 on society, healthcare, and global policies. Analysis 475.",The Lancet,Smith et al.,PubMed,2023-01-06
COVID-19 Research Paper 476,"This paper discusses the effects of COVID-19 on society, healthcare, and global policies. Analysis 476.",Science,Smith et al.,bioRxiv,2021-09-27
COVID-19 Research Paper 477,"This paper discusses the effects of COVID-19 on society, healthcare, and global policies. Analysis 477.",The Lancet,Wang et al.,bioRxiv,2020-07-05
COVID-19 Research Paper 478,"This paper discusses the effects of COVID-19 on society, healthcare, and global policies. Analysis 478.",Science,Johnson et al.,Elsevier,2022-09-10
COVID-19 Research Paper 479,"This paper discusses the effects of COVID-19 on society, healthcare, and global policies. Analysis 479.",BMJ,Smith et al.,Elsevier,2021-06-21
COVID-19 Research Paper 480,"This paper discusses the effects of COVID-19 on society, healthcare, and global policies. Analysis 480.",Nature,Lee et al.,arXiv,2023-08-13
COVID-19 Research Paper 481,"This paper discusses the effects of COVID-19 on society, healthcare, and global policies. Analysis 481.",Science,Lee et al.,Elsevier,2022-08-04
COVID-19 Research Paper 482,"This paper discusses the effects of COVID-19 on society, healthcare, and global policies. Analysis 482.",JAMA,Lee et al.,arXiv,2021-06-04
COVID-19 Research Paper 483,"This paper discusses the effects of COVID-19 on society, healthcare, and global policies. Analysis 483.",Cell,Lee et al.,Elsevier,2023-01-06
COVID-19 Research Paper 484,"This paper discusses the effects of COVID-19 on society, healthcare, and global policies. Analysis 484.",Science,Smith et al.,bioRxiv,2022-05-07
COVID-19 Research Paper 485,"This paper discusses the effects of COVID-19 on society, healthcare, and global policies. Analysis 485.",PLOS ONE,Smith et al.,arXiv,2021-04-06
COVID-19 Research Paper 486,"This paper discusses the effects of COVID-19 on society, healthcare, and global policies. Analysis 486.",Science,Lee et al.,arXiv,2021-05-18
COVID-19 Research Paper 487,"This paper discusses the effects of COVID-19 on society, healthcare, and global policies. Analysis 487.",Cell,Wang et al.,bioRxiv,2022-11-11
COVID-19 Research Paper 488,"This paper discusses the effects of COVID-19 on society, healthcare, and global policies. Analysis 488.",PLOS ONE,Garcia et al.,PubMed,2023-09-17
COVID-19 Research Paper 489,"This paper discusses the effects of COVID-19 on society, healthcare, and global policies. Analysis 489.",Science,Wang et al.,PubMed,2021-09-26
COVID-19 Research Paper 490,"This paper discusses the effects of COVID-19 on society, healthcare, and global policies. Analysis 490.",Nature,Garcia et al.,bioRxiv,2020-03-12
COVID-19 Research Paper 491,"This paper discusses the effects of COVID-19 on society, healthcare, and global policies. Analysis 491.",BMJ,Johnson et al.,WHO,2022-11-23
COVID-19 Research Paper 492,"This paper discusses the effects of COVID-19 on society, healthcare, and global policies. Analysis 492.",PLOS ONE,Johnson et al.,Elsevier,2023-01-20
COVID-19 Research Paper 493,"This paper discusses the effects of COVID-19 on society, healthcare, and global policies. Analysis 493.",The Lancet,Johnson et al.,Elsevier,2023-10-27
COVID-19 Research Paper 494,"This paper discusses the effects of COVID-19 on society, healthcare, and global policies. Analysis 494.",Nature,Garcia et al.,Elsevier,2022-04-09
COVID-19 Research Paper 495,"This paper discusses the effects of COVID-19 on society, healthcare, and global policies. Analysis 495.",Science,Johnson et al.,WHO,2023-11-16
COVID-19 Research Paper 496,"This paper discusses the effects of COVID-19 on society, healthcare, and global policies. Analysis 496.",BMJ,Smith et al.,WHO,2021-06-10
COVID-19 Research Paper 497,"This paper discusses the effects of COVID-19 on society, healthcare, and global policies. Analysis 497.",PLOS ONE,Johnson et al.,Elsevier,2022-11-01
COVID-19 Research Paper 498,"This paper discusses the effects of COVID-19 on society, healthcare, and global policies. Analysis 498.",Science,Garcia et al.,bioRxiv,2022-03-11
COVID-19 Research Paper 499,"This paper discusses the effects of COVID-19 on society, healthcare, and global policies. Analysis 499.",JAMA,Garcia et al.,PubMed,2021-08-23
COVID-19 Research Paper 500,"This paper discusses the effects of COVID-19 on society, healthcare, and global policies. Analysis 500.",JAMA,Lee et al.,WHO,2023-04-26
